type,id,sku,parent_sku,upc,name,titlename,slug,description,enabled,external_url,options,variant_type,product_type,buy_button_text,in_stock_text,download_link,hide_options_from_display_name,customer_service_can_add,price1_name,price1_value,price2_name,price2_value,price3_name,price3_value,price4_name,price4_value,price5_name,price5_value,price6_name,price6_value,price7_name,price7_value,price8_name,price8_value,price9_name,price9_value,price10_name,price10_value,price11_name,price11_value,price12_name,price12_value,price13_name,price13_value,price14_name,price14_value,price15_name,price15_value,item1_sku,item1_qty,item1_badge,item2_sku,item2_qty,item2_badge,item3_sku,item3_qty,item3_badge,item4_sku,item4_qty,item4_badge,item5_sku,item5_qty,item5_badge,item6_sku,item6_qty,item6_badge,item7_sku,item7_qty,item7_badge,item8_sku,item8_qty,item8_badge,item9_sku,item9_qty,item9_badge,item10_sku,item10_qty,item10_badge,item11_sku,item11_qty,item11_badge,item12_sku,item12_qty,item12_badge,item13_sku,item13_qty,item13_badge,item14_sku,item14_qty,item14_badge,item15_sku,item15_qty,item15_badge,item16_sku,item16_qty,item16_badge,item17_sku,item17_qty,item17_badge,item18_sku,item18_qty,item18_badge,item19_sku,item19_qty,item19_badge,item20_sku,item20_qty,item20_badge,item21_sku,item21_qty,item21_badge,item22_sku,item22_qty,item22_badge,item23_sku,item23_qty,item23_badge,item24_sku,item24_qty,item24_badge,item25_sku,item25_qty,item25_badge,item26_sku,item26_qty,item26_badge,item27_sku,item27_qty,item27_badge,item28_sku,item28_qty,item28_badge,item29_sku,item29_qty,item29_badge,item30_sku,item30_qty,item30_badge,item31_sku,item31_qty,item31_badge,item32_sku,item32_qty,item32_badge,item33_sku,item33_qty,item33_badge,item34_sku,item34_qty,item34_badge,item35_sku,item35_qty,item35_badge,item36_sku,item36_qty,item36_badge,item37_sku,item37_qty,item37_badge,item38_sku,item38_qty,item38_badge,item39_sku,item39_qty,item39_badge,item40_sku,item40_qty,item40_badge,sort_order
product,,CLST-CHSK-MULTI,,,Cold Stone Cheesecake Multi Packs,Cold Stone Cheesecake Multi Packs,cold-stone-cheesecake-multi-packs,,1,,,,,,,,,,,,,,,,,,,,,,,,,,,,,,,,,,,,,,,,,,,,,,,,,,,,,,,,,,,,,,,,,,,,,,,,,,,,,,,,,,,,,,,,,,,,,,,,,,,,,,,,,,,,,,,,,,,,,,,,,,,,,,,,,,,,,,,,,,,,,,,,,,,,,,,,,,,,,,,,
variant,,CLST-CHSK-DBL,CLST-CHSK-MULTI,CLST-CHSK-DBL,Cold Stone Cheesecake (2 Pack),Cold Stone Cheesecake (2 Pack),,,1,,,Bundle,Seasoning,,,,,,,,,,,,,,,,,,,,,,,,,,,,,,,,,,,,CLST-CHSK,2,,,,,,,,,,,,,,,,,,,,,,,,,,,,,,,,,,,,,,,,,,,,,,,,,,,,,,,,,,,,,,,,,,,,,,,,,,,,,,,,,,,,,,,,,,,,,,,,,,,,,,,,,,,,,,,,,,,,,,,
variant,,CLST-CHSK-TRP,CLST-CHSK-MULTI,CLST-CHSK-TRP,Cold Stone Cheesecake (3 Pack),Cold Stone Cheesecake (3 Pack),,,1,,,Bundle,Seasoning,,,,,,,,,,,,,,,,,,,,,,,,,,,,,,,,,,,,CLST-CHSK,3,,,,,,,,,,,,,,,,,,,,,,,,,,,,,,,,,,,,,,,,,,,,,,,,,,,,,,,,,,,,,,,,,,,,,,,,,,,,,,,,,,,,,,,,,,,,,,,,,,,,,,,,,,,,,,,,,,,,,,,
product,,CLST-VNWC-MULTI,,,Cold Stone Vanilla Waffle Cone Multi Packs,Cold Stone Vanilla Waffle Cone Multi Packs,cold-stone-vanilla-waffle-cone-multi-packs,,1,,,,,,,,,,,,,,,,,,,,,,,,,,,,,,,,,,,,,,,,,,,,,,,,,,,,,,,,,,,,,,,,,,,,,,,,,,,,,,,,,,,,,,,,,,,,,,,,,,,,,,,,,,,,,,,,,,,,,,,,,,,,,,,,,,,,,,,,,,,,,,,,,,,,,,,,,,,,,,,,
variant,,CLST-VNWC-DBL,CLST-VNWC-MULTI,CLST-VNWC-DBL,Cold Stone Vanilla Waffle Cone (2 Pack),Cold Stone Vanilla Waffle Cone (2 Pack),,,1,,,Bundle,Seasoning,,,,,,,,,,,,,,,,,,,,,,,,,,,,,,,,,,,,CLST-VNWC,2,,,,,,,,,,,,,,,,,,,,,,,,,,,,,,,,,,,,,,,,,,,,,,,,,,,,,,,,,,,,,,,,,,,,,,,,,,,,,,,,,,,,,,,,,,,,,,,,,,,,,,,,,,,,,,,,,,,,,,,
variant,,CLST-VNWC-TRP,CLST-VNWC-MULTI,CLST-VNWC-TRP,Cold Stone Vanilla Waffle Cone (3 Pack),Cold Stone Vanilla Waffle Cone (3 Pack),,,1,,,Bundle,Seasoning,,,,,,,,,,,,,,,,,,,,,,,,,,,,,,,,,,,,CLST-VNWC,3,,,,,,,,,,,,,,,,,,,,,,,,,,,,,,,,,,,,,,,,,,,,,,,,,,,,,,,,,,,,,,,,,,,,,,,,,,,,,,,,,,,,,,,,,,,,,,,,,,,,,,,,,,,,,,,,,,,,,,,
product,,FS-GRHS-MULTI,,,Garlic & Herb Salt Finisher Multi Packs,Garlic & Herb Salt Finisher Multi Packs,garlic-&-herb-salt-finisher-multi-packs,,1,,,,,,,,,,,,,,,,,,,,,,,,,,,,,,,,,,,,,,,,,,,,,,,,,,,,,,,,,,,,,,,,,,,,,,,,,,,,,,,,,,,,,,,,,,,,,,,,,,,,,,,,,,,,,,,,,,,,,,,,,,,,,,,,,,,,,,,,,,,,,,,,,,,,,,,,,,,,,,,,
variant,,FS-GRHS-DBL,FS-GRHS-MULTI,FS-GRHS-DBL,Garlic & Herb Salt Finisher (2 Pack),Garlic & Herb Salt Finisher (2 Pack),,,1,,,Bundle,Seasoning,,,,,,,,,,,,,,,,,,,,,,,,,,,,,,,,,,,,FS-GRHS,2,,,,,,,,,,,,,,,,,,,,,,,,,,,,,,,,,,,,,,,,,,,,,,,,,,,,,,,,,,,,,,,,,,,,,,,,,,,,,,,,,,,,,,,,,,,,,,,,,,,,,,,,,,,,,,,,,,,,,,,
variant,,FS-GRHS-TRP,FS-GRHS-MULTI,FS-GRHS-TRP,Garlic & Herb Salt Finisher (3 Pack),Garlic & Herb Salt Finisher (3 Pack),,,1,,,Bundle,Seasoning,,,,,,,,,,,,,,,,,,,,,,,,,,,,,,,,,,,,FS-GRHS,3,,,,,,,,,,,,,,,,,,,,,,,,,,,,,,,,,,,,,,,,,,,,,,,,,,,,,,,,,,,,,,,,,,,,,,,,,,,,,,,,,,,,,,,,,,,,,,,,,,,,,,,,,,,,,,,,,,,,,,,
product,,FS-HSPP-MULTI,,,Himalayan Salt & Pink Peppercorn Finisher Multi Packs,Himalayan Salt & Pink Peppercorn Finisher Multi Packs,himalayan-salt-&-pink-peppercorn-finisher-multi-packs,,1,,,,,,,,,,,,,,,,,,,,,,,,,,,,,,,,,,,,,,,,,,,,,,,,,,,,,,,,,,,,,,,,,,,,,,,,,,,,,,,,,,,,,,,,,,,,,,,,,,,,,,,,,,,,,,,,,,,,,,,,,,,,,,,,,,,,,,,,,,,,,,,,,,,,,,,,,,,,,,,,
variant,,FS-HSPP-DBL,FS-HSPP-MULTI,FS-HSPP-DBL,Himalayan Salt & Pink Peppercorn Finisher (2 Pack),Himalayan Salt & Pink Peppercorn Finisher (2 Pack),,,1,,,Bundle,Seasoning,,,,,,,,,,,,,,,,,,,,,,,,,,,,,,,,,,,,FS-HSPP,2,,,,,,,,,,,,,,,,,,,,,,,,,,,,,,,,,,,,,,,,,,,,,,,,,,,,,,,,,,,,,,,,,,,,,,,,,,,,,,,,,,,,,,,,,,,,,,,,,,,,,,,,,,,,,,,,,,,,,,,
variant,,FS-HSPP-TRP,FS-HSPP-MULTI,FS-HSPP-TRP,Himalayan Salt & Pink Peppercorn Finisher (3 Pack),Himalayan Salt & Pink Peppercorn Finisher (3 Pack),,,1,,,Bundle,Seasoning,,,,,,,,,,,,,,,,,,,,,,,,,,,,,,,,,,,,FS-HSPP,3,,,,,,,,,,,,,,,,,,,,,,,,,,,,,,,,,,,,,,,,,,,,,,,,,,,,,,,,,,,,,,,,,,,,,,,,,,,,,,,,,,,,,,,,,,,,,,,,,,,,,,,,,,,,,,,,,,,,,,,
product,,RB-HNBQ-MULTI,,,Honey BBQ Rub Multi Packs,Honey BBQ Rub Multi Packs,honey-bbq-rub-multi-packs,,1,,,,,,,,,,,,,,,,,,,,,,,,,,,,,,,,,,,,,,,,,,,,,,,,,,,,,,,,,,,,,,,,,,,,,,,,,,,,,,,,,,,,,,,,,,,,,,,,,,,,,,,,,,,,,,,,,,,,,,,,,,,,,,,,,,,,,,,,,,,,,,,,,,,,,,,,,,,,,,,,
variant,,RB-HNBQ-DBL,RB-HNBQ-MULTI,RB-HNBQ-DBL,Honey BBQ Rub (2 Pack),Honey BBQ Rub (2 Pack),,,1,,,Bundle,Seasoning,,,,,,,,,,,,,,,,,,,,,,,,,,,,,,,,,,,,RB-HNBQ,2,,,,,,,,,,,,,,,,,,,,,,,,,,,,,,,,,,,,,,,,,,,,,,,,,,,,,,,,,,,,,,,,,,,,,,,,,,,,,,,,,,,,,,,,,,,,,,,,,,,,,,,,,,,,,,,,,,,,,,,
variant,,RB-HNBQ-TRP,RB-HNBQ-MULTI,RB-HNBQ-TRP,Honey BBQ Rub (3 Pack),Honey BBQ Rub (3 Pack),,,1,,,Bundle,Seasoning,,,,,,,,,,,,,,,,,,,,,,,,,,,,,,,,,,,,RB-HNBQ,3,,,,,,,,,,,,,,,,,,,,,,,,,,,,,,,,,,,,,,,,,,,,,,,,,,,,,,,,,,,,,,,,,,,,,,,,,,,,,,,,,,,,,,,,,,,,,,,,,,,,,,,,,,,,,,,,,,,,,,,
product,,RB-JMJR-MULTI,,,Jamaican Jerk Rub Multi Packs,Jamaican Jerk Rub Multi Packs,jamaican-jerk-rub-multi-packs,,1,,,,,,,,,,,,,,,,,,,,,,,,,,,,,,,,,,,,,,,,,,,,,,,,,,,,,,,,,,,,,,,,,,,,,,,,,,,,,,,,,,,,,,,,,,,,,,,,,,,,,,,,,,,,,,,,,,,,,,,,,,,,,,,,,,,,,,,,,,,,,,,,,,,,,,,,,,,,,,,,
variant,,RB-JMJR-DBL,RB-JMJR-MULTI,RB-JMJR-DBL,Jamaican Jerk Rub (2 Pack),Jamaican Jerk Rub (2 Pack),,,1,,,Bundle,Seasoning,,,,,,,,,,,,,,,,,,,,,,,,,,,,,,,,,,,,RB-JMJR,2,,,,,,,,,,,,,,,,,,,,,,,,,,,,,,,,,,,,,,,,,,,,,,,,,,,,,,,,,,,,,,,,,,,,,,,,,,,,,,,,,,,,,,,,,,,,,,,,,,,,,,,,,,,,,,,,,,,,,,,
variant,,RB-JMJR-TRP,RB-JMJR-MULTI,RB-JMJR-TRP,Jamaican Jerk Rub (3 Pack),Jamaican Jerk Rub (3 Pack),,,1,,,Bundle,Seasoning,,,,,,,,,,,,,,,,,,,,,,,,,,,,,,,,,,,,RB-JMJR,3,,,,,,,,,,,,,,,,,,,,,,,,,,,,,,,,,,,,,,,,,,,,,,,,,,,,,,,,,,,,,,,,,,,,,,,,,,,,,,,,,,,,,,,,,,,,,,,,,,,,,,,,,,,,,,,,,,,,,,,
product,,RB-OBBQ-MULTI,,,Original BBQ Rub Multi Packs,Original BBQ Rub Multi Packs,original-bbq-rub-multi-packs,,1,,,,,,,,,,,,,,,,,,,,,,,,,,,,,,,,,,,,,,,,,,,,,,,,,,,,,,,,,,,,,,,,,,,,,,,,,,,,,,,,,,,,,,,,,,,,,,,,,,,,,,,,,,,,,,,,,,,,,,,,,,,,,,,,,,,,,,,,,,,,,,,,,,,,,,,,,,,,,,,,
variant,,RB-OBBQ-DBL,RB-OBBQ-MULTI,RB-OBBQ-DBL,Original BBQ Rub (2 Pack),Original BBQ Rub (2 Pack),,,1,,,Bundle,Seasoning,,,,,,,,,,,,,,,,,,,,,,,,,,,,,,,,,,,,RB-OBBQ,2,,,,,,,,,,,,,,,,,,,,,,,,,,,,,,,,,,,,,,,,,,,,,,,,,,,,,,,,,,,,,,,,,,,,,,,,,,,,,,,,,,,,,,,,,,,,,,,,,,,,,,,,,,,,,,,,,,,,,,,
variant,,RB-OBBQ-TRP,RB-OBBQ-MULTI,RB-OBBQ-TRP,Original BBQ Rub (3 Pack),Original BBQ Rub (3 Pack),,,1,,,Bundle,Seasoning,,,,,,,,,,,,,,,,,,,,,,,,,,,,,,,,,,,,RB-OBBQ,3,,,,,,,,,,,,,,,,,,,,,,,,,,,,,,,,,,,,,,,,,,,,,,,,,,,,,,,,,,,,,,,,,,,,,,,,,,,,,,,,,,,,,,,,,,,,,,,,,,,,,,,,,,,,,,,,,,,,,,,
product,,RB-STKC-MULTI,,,Steak & Chop Rub Multi Packs,Steak & Chop Rub Multi Packs,steak-&-chop-rub-multi-packs,,1,,,,,,,,,,,,,,,,,,,,,,,,,,,,,,,,,,,,,,,,,,,,,,,,,,,,,,,,,,,,,,,,,,,,,,,,,,,,,,,,,,,,,,,,,,,,,,,,,,,,,,,,,,,,,,,,,,,,,,,,,,,,,,,,,,,,,,,,,,,,,,,,,,,,,,,,,,,,,,,,
variant,,RB-STKC-DBL,RB-STKC-MULTI,RB-STKC-DBL,Steak & Chop Rub (2 Pack),Steak & Chop Rub (2 Pack),,,1,,,Bundle,Seasoning,,,,,,,,,,,,,,,,,,,,,,,,,,,,,,,,,,,,RB-STKC,2,,,,,,,,,,,,,,,,,,,,,,,,,,,,,,,,,,,,,,,,,,,,,,,,,,,,,,,,,,,,,,,,,,,,,,,,,,,,,,,,,,,,,,,,,,,,,,,,,,,,,,,,,,,,,,,,,,,,,,,
variant,,RB-STKC-TRP,RB-STKC-MULTI,RB-STKC-TRP,Steak & Chop Rub (3 Pack),Steak & Chop Rub (3 Pack),,,1,,,Bundle,Seasoning,,,,,,,,,,,,,,,,,,,,,,,,,,,,,,,,,,,,RB-STKC,3,,,,,,,,,,,,,,,,,,,,,,,,,,,,,,,,,,,,,,,,,,,,,,,,,,,,,,,,,,,,,,,,,,,,,,,,,,,,,,,,,,,,,,,,,,,,,,,,,,,,,,,,,,,,,,,,,,,,,,,
product,,SN-BCLV-MULTI,,,Bacon Lovers Seasoning Multi Packs,Bacon Lovers Seasoning Multi Packs,bacon-lovers-seasoning-multi-packs,,1,,,,,,,,,,,,,,,,,,,,,,,,,,,,,,,,,,,,,,,,,,,,,,,,,,,,,,,,,,,,,,,,,,,,,,,,,,,,,,,,,,,,,,,,,,,,,,,,,,,,,,,,,,,,,,,,,,,,,,,,,,,,,,,,,,,,,,,,,,,,,,,,,,,,,,,,,,,,,,,,
variant,,SN-BCLV-DBL,SN-BCLV-MULTI,SN-BCLV-DBL,Bacon Lovers Seasoning (2 Pack),Bacon Lovers Seasoning (2 Pack),,,1,,,Bundle,Seasoning,,,,,,,,,,,,,,,,,,,,,,,,,,,,,,,,,,,,SN-BCLV,2,,,,,,,,,,,,,,,,,,,,,,,,,,,,,,,,,,,,,,,,,,,,,,,,,,,,,,,,,,,,,,,,,,,,,,,,,,,,,,,,,,,,,,,,,,,,,,,,,,,,,,,,,,,,,,,,,,,,,,,
variant,,SN-BCLV-TRP,SN-BCLV-MULTI,SN-BCLV-TRP,Bacon Lovers Seasoning (3 Pack),Bacon Lovers Seasoning (3 Pack),,,1,,,Bundle,Seasoning,,,,,,,,,,,,,,,,,,,,,,,,,,,,,,,,,,,,SN-BCLV,3,,,,,,,,,,,,,,,,,,,,,,,,,,,,,,,,,,,,,,,,,,,,,,,,,,,,,,,,,,,,,,,,,,,,,,,,,,,,,,,,,,,,,,,,,,,,,,,,,,,,,,,,,,,,,,,,,,,,,,,
product,,SN-BFLO-MULTI,,,Buffalo Seasoning Multi Packs,Buffalo Seasoning Multi Packs,buffalo-seasoning-multi-packs,,1,,,,,,,,,,,,,,,,,,,,,,,,,,,,,,,,,,,,,,,,,,,,,,,,,,,,,,,,,,,,,,,,,,,,,,,,,,,,,,,,,,,,,,,,,,,,,,,,,,,,,,,,,,,,,,,,,,,,,,,,,,,,,,,,,,,,,,,,,,,,,,,,,,,,,,,,,,,,,,,,
variant,,SN-BFLO-DBL,SN-BFLO-MULTI,SN-BFLO-DBL,Buffalo Seasoning (2 Pack),Buffalo Seasoning (2 Pack),,,1,,,Bundle,Seasoning,,,,,,,,,,,,,,,,,,,,,,,,,,,,,,,,,,,,SN-BFLO,2,,,,,,,,,,,,,,,,,,,,,,,,,,,,,,,,,,,,,,,,,,,,,,,,,,,,,,,,,,,,,,,,,,,,,,,,,,,,,,,,,,,,,,,,,,,,,,,,,,,,,,,,,,,,,,,,,,,,,,,
variant,,SN-BFLO-TRP,SN-BFLO-MULTI,SN-BFLO-TRP,Buffalo Seasoning (3 Pack),Buffalo Seasoning (3 Pack),,,1,,,Bundle,Seasoning,,,,,,,,,,,,,,,,,,,,,,,,,,,,,,,,,,,,SN-BFLO,3,,,,,,,,,,,,,,,,,,,,,,,,,,,,,,,,,,,,,,,,,,,,,,,,,,,,,,,,,,,,,,,,,,,,,,,,,,,,,,,,,,,,,,,,,,,,,,,,,,,,,,,,,,,,,,,,,,,,,,,
product,,SN-CHPL-MULTI,,,Chipotle Seasoning Multi Packs,Chipotle Seasoning Multi Packs,chipotle-seasoning-multi-packs,,1,,,,,,,,,,,,,,,,,,,,,,,,,,,,,,,,,,,,,,,,,,,,,,,,,,,,,,,,,,,,,,,,,,,,,,,,,,,,,,,,,,,,,,,,,,,,,,,,,,,,,,,,,,,,,,,,,,,,,,,,,,,,,,,,,,,,,,,,,,,,,,,,,,,,,,,,,,,,,,,,
variant,,SN-CHPL-DBL,SN-CHPL-MULTI,SN-CHPL-DBL,Chipotle Seasoning (2 Pack),Chipotle Seasoning (2 Pack),,,1,,,Bundle,Seasoning,,,,,,,,,,,,,,,,,,,,,,,,,,,,,,,,,,,,SN-CHPL,2,,,,,,,,,,,,,,,,,,,,,,,,,,,,,,,,,,,,,,,,,,,,,,,,,,,,,,,,,,,,,,,,,,,,,,,,,,,,,,,,,,,,,,,,,,,,,,,,,,,,,,,,,,,,,,,,,,,,,,,
variant,,SN-CHPL-TRP,SN-CHPL-MULTI,SN-CHPL-TRP,Chipotle Seasoning (3 Pack),Chipotle Seasoning (3 Pack),,,1,,,Bundle,Seasoning,,,,,,,,,,,,,,,,,,,,,,,,,,,,,,,,,,,,SN-CHPL,3,,,,,,,,,,,,,,,,,,,,,,,,,,,,,,,,,,,,,,,,,,,,,,,,,,,,,,,,,,,,,,,,,,,,,,,,,,,,,,,,,,,,,,,,,,,,,,,,,,,,,,,,,,,,,,,,,,,,,,,
product,,SN-CJLV-MULTI,,,Cajun Lovers Seasoning Multi Packs,Cajun Lovers Seasoning Multi Packs,cajun-lovers-seasoning-multi-packs,,1,,,,,,,,,,,,,,,,,,,,,,,,,,,,,,,,,,,,,,,,,,,,,,,,,,,,,,,,,,,,,,,,,,,,,,,,,,,,,,,,,,,,,,,,,,,,,,,,,,,,,,,,,,,,,,,,,,,,,,,,,,,,,,,,,,,,,,,,,,,,,,,,,,,,,,,,,,,,,,,,
variant,,SN-CJLV-DBL,SN-CJLV-MULTI,SN-CJLV-DBL,Cajun Lovers Seasoning (2 Pack),Cajun Lovers Seasoning (2 Pack),,,1,,,Bundle,Seasoning,,,,,,,,,,,,,,,,,,,,,,,,,,,,,,,,,,,,SN-CJLV,2,,,,,,,,,,,,,,,,,,,,,,,,,,,,,,,,,,,,,,,,,,,,,,,,,,,,,,,,,,,,,,,,,,,,,,,,,,,,,,,,,,,,,,,,,,,,,,,,,,,,,,,,,,,,,,,,,,,,,,,
variant,,SN-CJLV-TRP,SN-CJLV-MULTI,SN-CJLV-TRP,Cajun Lovers Seasoning (3 Pack),Cajun Lovers Seasoning (3 Pack),,,1,,,Bundle,Seasoning,,,,,,,,,,,,,,,,,,,,,,,,,,,,,,,,,,,,SN-CJLV,3,,,,,,,,,,,,,,,,,,,,,,,,,,,,,,,,,,,,,,,,,,,,,,,,,,,,,,,,,,,,,,,,,,,,,,,,,,,,,,,,,,,,,,,,,,,,,,,,,,,,,,,,,,,,,,,,,,,,,,,
product,,SN-EBTS-MULTI,,,Everything But The Salt Seasoning Multi Packs,Everything But The Salt Seasoning Multi Packs,everything-but-the-salt-seasoning-multi-packs,,1,,,,,,,,,,,,,,,,,,,,,,,,,,,,,,,,,,,,,,,,,,,,,,,,,,,,,,,,,,,,,,,,,,,,,,,,,,,,,,,,,,,,,,,,,,,,,,,,,,,,,,,,,,,,,,,,,,,,,,,,,,,,,,,,,,,,,,,,,,,,,,,,,,,,,,,,,,,,,,,,
variant,,SN-EBTS-DBL,SN-EBTS-MULTI,SN-EBTS-DBL,Everything But The Salt Seasoning (2 Pack),Everything But The Salt Seasoning (2 Pack),,,1,,,Bundle,Seasoning,,,,,,,,,,,,,,,,,,,,,,,,,,,,,,,,,,,,SN-EBTS,2,,,,,,,,,,,,,,,,,,,,,,,,,,,,,,,,,,,,,,,,,,,,,,,,,,,,,,,,,,,,,,,,,,,,,,,,,,,,,,,,,,,,,,,,,,,,,,,,,,,,,,,,,,,,,,,,,,,,,,,
variant,,SN-EBTS-TRP,SN-EBTS-MULTI,SN-EBTS-TRP,Everything But The Salt Seasoning (3 Pack),Everything But The Salt Seasoning (3 Pack),,,1,,,Bundle,Seasoning,,,,,,,,,,,,,,,,,,,,,,,,,,,,,,,,,,,,SN-EBTS,3,,,,,,,,,,,,,,,,,,,,,,,,,,,,,,,,,,,,,,,,,,,,,,,,,,,,,,,,,,,,,,,,,,,,,,,,,,,,,,,,,,,,,,,,,,,,,,,,,,,,,,,,,,,,,,,,,,,,,,,
product,,SN-EVBG-MULTI,,,Everything Bagel Seasoning Multi Packs,Everything Bagel Seasoning Multi Packs,everything-bagel-seasoning-multi-packs,,1,,,,,,,,,,,,,,,,,,,,,,,,,,,,,,,,,,,,,,,,,,,,,,,,,,,,,,,,,,,,,,,,,,,,,,,,,,,,,,,,,,,,,,,,,,,,,,,,,,,,,,,,,,,,,,,,,,,,,,,,,,,,,,,,,,,,,,,,,,,,,,,,,,,,,,,,,,,,,,,,
variant,,SN-EVBG-DBL,SN-EVBG-MULTI,SN-EVBG-DBL,Everything Bagel Seasoning (2 Pack),Everything Bagel Seasoning (2 Pack),,,1,,,Bundle,Seasoning,,,,,,,,,,,,,,,,,,,,,,,,,,,,,,,,,,,,SN-EVBG,2,,,,,,,,,,,,,,,,,,,,,,,,,,,,,,,,,,,,,,,,,,,,,,,,,,,,,,,,,,,,,,,,,,,,,,,,,,,,,,,,,,,,,,,,,,,,,,,,,,,,,,,,,,,,,,,,,,,,,,,
variant,,SN-EVBG-TRP,SN-EVBG-MULTI,SN-EVBG-TRP,Everything Bagel Seasoning (3 Pack),Everything Bagel Seasoning (3 Pack),,,1,,,Bundle,Seasoning,,,,,,,,,,,,,,,,,,,,,,,,,,,,,,,,,,,,SN-EVBG,3,,,,,,,,,,,,,,,,,,,,,,,,,,,,,,,,,,,,,,,,,,,,,,,,,,,,,,,,,,,,,,,,,,,,,,,,,,,,,,,,,,,,,,,,,,,,,,,,,,,,,,,,,,,,,,,,,,,,,,,
product,,SN-EVRY-MULTI,,,Everything Seasoning Multi Packs,Everything Seasoning Multi Packs,everything-seasoning-multi-packs,,1,,,,,,,,,,,,,,,,,,,,,,,,,,,,,,,,,,,,,,,,,,,,,,,,,,,,,,,,,,,,,,,,,,,,,,,,,,,,,,,,,,,,,,,,,,,,,,,,,,,,,,,,,,,,,,,,,,,,,,,,,,,,,,,,,,,,,,,,,,,,,,,,,,,,,,,,,,,,,,,,
variant,,SN-EVRY-DBL,SN-EVRY-MULTI,SN-EVRY-DBL,Everything Seasoning (2 Pack),Everything Seasoning (2 Pack),,,1,,,Bundle,Seasoning,,,,,,,,,,,,,,,,,,,,,,,,,,,,,,,,,,,,SN-EVRY,2,,,,,,,,,,,,,,,,,,,,,,,,,,,,,,,,,,,,,,,,,,,,,,,,,,,,,,,,,,,,,,,,,,,,,,,,,,,,,,,,,,,,,,,,,,,,,,,,,,,,,,,,,,,,,,,,,,,,,,,
variant,,SN-EVRY-TRP,SN-EVRY-MULTI,SN-EVRY-TRP,Everything Seasoning (3 Pack),Everything Seasoning (3 Pack),,,1,,,Bundle,Seasoning,,,,,,,,,,,,,,,,,,,,,,,,,,,,,,,,,,,,SN-EVRY,3,,,,,,,,,,,,,,,,,,,,,,,,,,,,,,,,,,,,,,,,,,,,,,,,,,,,,,,,,,,,,,,,,,,,,,,,,,,,,,,,,,,,,,,,,,,,,,,,,,,,,,,,,,,,,,,,,,,,,,,
product,,SN-EVSP-MULTI,,,Everything Spicy Seasoning Multi Packs,Everything Spicy Seasoning Multi Packs,everything-spicy-seasoning-multi-packs,,1,,,,,,,,,,,,,,,,,,,,,,,,,,,,,,,,,,,,,,,,,,,,,,,,,,,,,,,,,,,,,,,,,,,,,,,,,,,,,,,,,,,,,,,,,,,,,,,,,,,,,,,,,,,,,,,,,,,,,,,,,,,,,,,,,,,,,,,,,,,,,,,,,,,,,,,,,,,,,,,,
variant,,SN-EVSP-DBL,SN-EVSP-MULTI,SN-EVSP-DBL,Everything Spicy Seasoning (2 Pack),Everything Spicy Seasoning (2 Pack),,,1,,,Bundle,Seasoning,,,,,,,,,,,,,,,,,,,,,,,,,,,,,,,,,,,,SN-EVSP,2,,,,,,,,,,,,,,,,,,,,,,,,,,,,,,,,,,,,,,,,,,,,,,,,,,,,,,,,,,,,,,,,,,,,,,,,,,,,,,,,,,,,,,,,,,,,,,,,,,,,,,,,,,,,,,,,,,,,,,,
variant,,SN-EVSP-TRP,SN-EVSP-MULTI,SN-EVSP-TRP,Everything Spicy Seasoning (3 Pack),Everything Spicy Seasoning (3 Pack),,,1,,,Bundle,Seasoning,,,,,,,,,,,,,,,,,,,,,,,,,,,,,,,,,,,,SN-EVSP,3,,,,,,,,,,,,,,,,,,,,,,,,,,,,,,,,,,,,,,,,,,,,,,,,,,,,,,,,,,,,,,,,,,,,,,,,,,,,,,,,,,,,,,,,,,,,,,,,,,,,,,,,,,,,,,,,,,,,,,,
product,,SN-GHST-MULTI,,,Ghost Seasoning Multi Packs,Ghost Seasoning Multi Packs,ghost-seasoning-multi-packs,,1,,,,,,,,,,,,,,,,,,,,,,,,,,,,,,,,,,,,,,,,,,,,,,,,,,,,,,,,,,,,,,,,,,,,,,,,,,,,,,,,,,,,,,,,,,,,,,,,,,,,,,,,,,,,,,,,,,,,,,,,,,,,,,,,,,,,,,,,,,,,,,,,,,,,,,,,,,,,,,,,
variant,,SN-GHST-DBL,SN-GHST-MULTI,SN-GHST-DBL,Ghost Seasoning (2 Pack),Ghost Seasoning (2 Pack),,,1,,,Bundle,Seasoning,,,,,,,,,,,,,,,,,,,,,,,,,,,,,,,,,,,,SN-GHST,2,,,,,,,,,,,,,,,,,,,,,,,,,,,,,,,,,,,,,,,,,,,,,,,,,,,,,,,,,,,,,,,,,,,,,,,,,,,,,,,,,,,,,,,,,,,,,,,,,,,,,,,,,,,,,,,,,,,,,,,
variant,,SN-GHST-TRP,SN-GHST-MULTI,SN-GHST-TRP,Ghost Seasoning (3 Pack),Ghost Seasoning (3 Pack),,,1,,,Bundle,Seasoning,,,,,,,,,,,,,,,,,,,,,,,,,,,,,,,,,,,,SN-GHST,3,,,,,,,,,,,,,,,,,,,,,,,,,,,,,,,,,,,,,,,,,,,,,,,,,,,,,,,,,,,,,,,,,,,,,,,,,,,,,,,,,,,,,,,,,,,,,,,,,,,,,,,,,,,,,,,,,,,,,,,
product,,SN-GRLV-MULTI,,,Garlic Lover's Seasoning Multi Packs,Garlic Lover's Seasoning Multi Packs,garlic-lover's-seasoning-multi-packs,,1,,,,,,,,,,,,,,,,,,,,,,,,,,,,,,,,,,,,,,,,,,,,,,,,,,,,,,,,,,,,,,,,,,,,,,,,,,,,,,,,,,,,,,,,,,,,,,,,,,,,,,,,,,,,,,,,,,,,,,,,,,,,,,,,,,,,,,,,,,,,,,,,,,,,,,,,,,,,,,,,
variant,,SN-GRLV-DBL,SN-GRLV-MULTI,SN-GRLV-DBL,Garlic Lover's Seasoning (2 Pack),Garlic Lover's Seasoning (2 Pack),,,1,,,Bundle,Seasoning,,,,,,,,,,,,,,,,,,,,,,,,,,,,,,,,,,,,SN-GRLV,2,,,,,,,,,,,,,,,,,,,,,,,,,,,,,,,,,,,,,,,,,,,,,,,,,,,,,,,,,,,,,,,,,,,,,,,,,,,,,,,,,,,,,,,,,,,,,,,,,,,,,,,,,,,,,,,,,,,,,,,
variant,,SN-GRLV-TRP,SN-GRLV-MULTI,SN-GRLV-TRP,Garlic Lover's Seasoning (3 Pack),Garlic Lover's Seasoning (3 Pack),,,1,,,Bundle,Seasoning,,,,,,,,,,,,,,,,,,,,,,,,,,,,,,,,,,,,SN-GRLV,3,,,,,,,,,,,,,,,,,,,,,,,,,,,,,,,,,,,,,,,,,,,,,,,,,,,,,,,,,,,,,,,,,,,,,,,,,,,,,,,,,,,,,,,,,,,,,,,,,,,,,,,,,,,,,,,,,,,,,,,
product,,SN-HBNR-MULTI,,,Habanero Seasoning Multi Packs,Habanero Seasoning Multi Packs,habanero-seasoning-multi-packs,,1,,,,,,,,,,,,,,,,,,,,,,,,,,,,,,,,,,,,,,,,,,,,,,,,,,,,,,,,,,,,,,,,,,,,,,,,,,,,,,,,,,,,,,,,,,,,,,,,,,,,,,,,,,,,,,,,,,,,,,,,,,,,,,,,,,,,,,,,,,,,,,,,,,,,,,,,,,,,,,,,
variant,,SN-HBNR-DBL,SN-HBNR-MULTI,SN-HBNR-DBL,Habanero Seasoning (2 Pack),Habanero Seasoning (2 Pack),,,1,,,Bundle,Seasoning,,,,,,,,,,,,,,,,,,,,,,,,,,,,,,,,,,,,SN-HBNR,2,,,,,,,,,,,,,,,,,,,,,,,,,,,,,,,,,,,,,,,,,,,,,,,,,,,,,,,,,,,,,,,,,,,,,,,,,,,,,,,,,,,,,,,,,,,,,,,,,,,,,,,,,,,,,,,,,,,,,,,
variant,,SN-HBNR-TRP,SN-HBNR-MULTI,SN-HBNR-TRP,Habanero Seasoning (3 Pack),Habanero Seasoning (3 Pack),,,1,,,Bundle,Seasoning,,,,,,,,,,,,,,,,,,,,,,,,,,,,,,,,,,,,SN-HBNR,3,,,,,,,,,,,,,,,,,,,,,,,,,,,,,,,,,,,,,,,,,,,,,,,,,,,,,,,,,,,,,,,,,,,,,,,,,,,,,,,,,,,,,,,,,,,,,,,,,,,,,,,,,,,,,,,,,,,,,,,
product,,SN-HTWN-MULTI,,,Hot Wings Seasoning Multi Packs,Hot Wings Seasoning Multi Packs,hot-wings-seasoning-multi-packs,,1,,,,,,,,,,,,,,,,,,,,,,,,,,,,,,,,,,,,,,,,,,,,,,,,,,,,,,,,,,,,,,,,,,,,,,,,,,,,,,,,,,,,,,,,,,,,,,,,,,,,,,,,,,,,,,,,,,,,,,,,,,,,,,,,,,,,,,,,,,,,,,,,,,,,,,,,,,,,,,,,
variant,,SN-HTWN-DBL,SN-HTWN-MULTI,SN-HTWN-DBL,Hot Wings Seasoning (2 Pack),Hot Wings Seasoning (2 Pack),,,1,,,Bundle,Seasoning,,,,,,,,,,,,,,,,,,,,,,,,,,,,,,,,,,,,SN-HTWN,2,,,,,,,,,,,,,,,,,,,,,,,,,,,,,,,,,,,,,,,,,,,,,,,,,,,,,,,,,,,,,,,,,,,,,,,,,,,,,,,,,,,,,,,,,,,,,,,,,,,,,,,,,,,,,,,,,,,,,,,
variant,,SN-HTWN-TRP,SN-HTWN-MULTI,SN-HTWN-TRP,Hot Wings Seasoning (3 Pack),Hot Wings Seasoning (3 Pack),,,1,,,Bundle,Seasoning,,,,,,,,,,,,,,,,,,,,,,,,,,,,,,,,,,,,SN-HTWN,3,,,,,,,,,,,,,,,,,,,,,,,,,,,,,,,,,,,,,,,,,,,,,,,,,,,,,,,,,,,,,,,,,,,,,,,,,,,,,,,,,,,,,,,,,,,,,,,,,,,,,,,,,,,,,,,,,,,,,,,
product,,SN-ITZS-MULTI,,,Italian Zest Seasoning Multi Packs,Italian Zest Seasoning Multi Packs,italian-zest-seasoning-multi-packs,,1,,,,,,,,,,,,,,,,,,,,,,,,,,,,,,,,,,,,,,,,,,,,,,,,,,,,,,,,,,,,,,,,,,,,,,,,,,,,,,,,,,,,,,,,,,,,,,,,,,,,,,,,,,,,,,,,,,,,,,,,,,,,,,,,,,,,,,,,,,,,,,,,,,,,,,,,,,,,,,,,
variant,,SN-ITZS-DBL,SN-ITZS-MULTI,SN-ITZS-DBL,Italian Zest Seasoning (2 Pack),Italian Zest Seasoning (2 Pack),,,1,,,Bundle,Seasoning,,,,,,,,,,,,,,,,,,,,,,,,,,,,,,,,,,,,SN-ITZS,2,,,,,,,,,,,,,,,,,,,,,,,,,,,,,,,,,,,,,,,,,,,,,,,,,,,,,,,,,,,,,,,,,,,,,,,,,,,,,,,,,,,,,,,,,,,,,,,,,,,,,,,,,,,,,,,,,,,,,,,
variant,,SN-ITZS-TRP,SN-ITZS-MULTI,SN-ITZS-TRP,Italian Zest Seasoning (3 Pack),Italian Zest Seasoning (3 Pack),,,1,,,Bundle,Seasoning,,,,,,,,,,,,,,,,,,,,,,,,,,,,,,,,,,,,SN-ITZS,3,,,,,,,,,,,,,,,,,,,,,,,,,,,,,,,,,,,,,,,,,,,,,,,,,,,,,,,,,,,,,,,,,,,,,,,,,,,,,,,,,,,,,,,,,,,,,,,,,,,,,,,,,,,,,,,,,,,,,,,
product,,SN-KCHP-MULTI,,,Ketchup Seasoning Multi Packs,Ketchup Seasoning Multi Packs,ketchup-seasoning-multi-packs,,1,,,,,,,,,,,,,,,,,,,,,,,,,,,,,,,,,,,,,,,,,,,,,,,,,,,,,,,,,,,,,,,,,,,,,,,,,,,,,,,,,,,,,,,,,,,,,,,,,,,,,,,,,,,,,,,,,,,,,,,,,,,,,,,,,,,,,,,,,,,,,,,,,,,,,,,,,,,,,,,,
variant,,SN-KCHP-DBL,SN-KCHP-MULTI,SN-KCHP-DBL,Ketchup Seasoning (2 Pack),Ketchup Seasoning (2 Pack),,,1,,,Bundle,Seasoning,,,,,,,,,,,,,,,,,,,,,,,,,,,,,,,,,,,,SN-KCHP,2,,,,,,,,,,,,,,,,,,,,,,,,,,,,,,,,,,,,,,,,,,,,,,,,,,,,,,,,,,,,,,,,,,,,,,,,,,,,,,,,,,,,,,,,,,,,,,,,,,,,,,,,,,,,,,,,,,,,,,,
variant,,SN-KCHP-TRP,SN-KCHP-MULTI,SN-KCHP-TRP,Ketchup Seasoning (3 Pack),Ketchup Seasoning (3 Pack),,,1,,,Bundle,Seasoning,,,,,,,,,,,,,,,,,,,,,,,,,,,,,,,,,,,,SN-KCHP,3,,,,,,,,,,,,,,,,,,,,,,,,,,,,,,,,,,,,,,,,,,,,,,,,,,,,,,,,,,,,,,,,,,,,,,,,,,,,,,,,,,,,,,,,,,,,,,,,,,,,,,,,,,,,,,,,,,,,,,,
product,,SN-LMGR-MULTI,,,Lemon & Garlic Seasoning Multi Packs,Lemon & Garlic Seasoning Multi Packs,lemon-&-garlic-seasoning-multi-packs,,1,,,,,,,,,,,,,,,,,,,,,,,,,,,,,,,,,,,,,,,,,,,,,,,,,,,,,,,,,,,,,,,,,,,,,,,,,,,,,,,,,,,,,,,,,,,,,,,,,,,,,,,,,,,,,,,,,,,,,,,,,,,,,,,,,,,,,,,,,,,,,,,,,,,,,,,,,,,,,,,,
variant,,SN-LMGR-DBL,SN-LMGR-MULTI,SN-LMGR-DBL,Lemon & Garlic Seasoning (2 Pack),Lemon & Garlic Seasoning (2 Pack),,,1,,,Bundle,Seasoning,,,,,,,,,,,,,,,,,,,,,,,,,,,,,,,,,,,,SN-LMGR,2,,,,,,,,,,,,,,,,,,,,,,,,,,,,,,,,,,,,,,,,,,,,,,,,,,,,,,,,,,,,,,,,,,,,,,,,,,,,,,,,,,,,,,,,,,,,,,,,,,,,,,,,,,,,,,,,,,,,,,,
variant,,SN-LMGR-TRP,SN-LMGR-MULTI,SN-LMGR-TRP,Lemon & Garlic Seasoning (3 Pack),Lemon & Garlic Seasoning (3 Pack),,,1,,,Bundle,Seasoning,,,,,,,,,,,,,,,,,,,,,,,,,,,,,,,,,,,,SN-LMGR,3,,,,,,,,,,,,,,,,,,,,,,,,,,,,,,,,,,,,,,,,,,,,,,,,,,,,,,,,,,,,,,,,,,,,,,,,,,,,,,,,,,,,,,,,,,,,,,,,,,,,,,,,,,,,,,,,,,,,,,,
product,,SN-NCHO-MULTI,,,Nacho Cheese Seasoning Multi Packs,Nacho Cheese Seasoning Multi Packs,nacho-cheese-seasoning-multi-packs,,1,,,,,,,,,,,,,,,,,,,,,,,,,,,,,,,,,,,,,,,,,,,,,,,,,,,,,,,,,,,,,,,,,,,,,,,,,,,,,,,,,,,,,,,,,,,,,,,,,,,,,,,,,,,,,,,,,,,,,,,,,,,,,,,,,,,,,,,,,,,,,,,,,,,,,,,,,,,,,,,,
variant,,SN-NCHO-DBL,SN-NCHO-MULTI,SN-NCHO-DBL,Nacho Cheese Seasoning (2 Pack),Nacho Cheese Seasoning (2 Pack),,,1,,,Bundle,Seasoning,,,,,,,,,,,,,,,,,,,,,,,,,,,,,,,,,,,,SN-NCHO,2,,,,,,,,,,,,,,,,,,,,,,,,,,,,,,,,,,,,,,,,,,,,,,,,,,,,,,,,,,,,,,,,,,,,,,,,,,,,,,,,,,,,,,,,,,,,,,,,,,,,,,,,,,,,,,,,,,,,,,,
variant,,SN-NCHO-TRP,SN-NCHO-MULTI,SN-NCHO-TRP,Nacho Cheese Seasoning (3 Pack),Nacho Cheese Seasoning (3 Pack),,,1,,,Bundle,Seasoning,,,,,,,,,,,,,,,,,,,,,,,,,,,,,,,,,,,,SN-NCHO,3,,,,,,,,,,,,,,,,,,,,,,,,,,,,,,,,,,,,,,,,,,,,,,,,,,,,,,,,,,,,,,,,,,,,,,,,,,,,,,,,,,,,,,,,,,,,,,,,,,,,,,,,,,,,,,,,,,,,,,,
product,,SN-PZA-MULTI,,,Pizza Seasoning Multi Packs,Pizza Seasoning Multi Packs,pizza-seasoning-multi-packs,,1,,,,,,,,,,,,,,,,,,,,,,,,,,,,,,,,,,,,,,,,,,,,,,,,,,,,,,,,,,,,,,,,,,,,,,,,,,,,,,,,,,,,,,,,,,,,,,,,,,,,,,,,,,,,,,,,,,,,,,,,,,,,,,,,,,,,,,,,,,,,,,,,,,,,,,,,,,,,,,,,
variant,,SN-PZA-DBL,SN-PZA-MULTI,SN-PZA-DBL,Pizza Seasoning (2 Pack),Pizza Seasoning (2 Pack),,,1,,,Bundle,Seasoning,,,,,,,,,,,,,,,,,,,,,,,,,,,,,,,,,,,,SN-PZA,2,,,,,,,,,,,,,,,,,,,,,,,,,,,,,,,,,,,,,,,,,,,,,,,,,,,,,,,,,,,,,,,,,,,,,,,,,,,,,,,,,,,,,,,,,,,,,,,,,,,,,,,,,,,,,,,,,,,,,,,
variant,,SN-PZA-TRP,SN-PZA-MULTI,SN-PZA-TRP,Pizza Seasoning (3 Pack),Pizza Seasoning (3 Pack),,,1,,,Bundle,Seasoning,,,,,,,,,,,,,,,,,,,,,,,,,,,,,,,,,,,,SN-PZA,3,,,,,,,,,,,,,,,,,,,,,,,,,,,,,,,,,,,,,,,,,,,,,,,,,,,,,,,,,,,,,,,,,,,,,,,,,,,,,,,,,,,,,,,,,,,,,,,,,,,,,,,,,,,,,,,,,,,,,,,
product,,SN-SRCH-MULTI,,,Sriracha Seasoning Multi Packs,Sriracha Seasoning Multi Packs,sriracha-seasoning-multi-packs,,1,,,,,,,,,,,,,,,,,,,,,,,,,,,,,,,,,,,,,,,,,,,,,,,,,,,,,,,,,,,,,,,,,,,,,,,,,,,,,,,,,,,,,,,,,,,,,,,,,,,,,,,,,,,,,,,,,,,,,,,,,,,,,,,,,,,,,,,,,,,,,,,,,,,,,,,,,,,,,,,,
variant,,SN-SRCH-DBL,SN-SRCH-MULTI,SN-SRCH-DBL,Sriracha Seasoning (2 Pack),Sriracha Seasoning (2 Pack),,,1,,,Bundle,Seasoning,,,,,,,,,,,,,,,,,,,,,,,,,,,,,,,,,,,,SN-SRCH,2,,,,,,,,,,,,,,,,,,,,,,,,,,,,,,,,,,,,,,,,,,,,,,,,,,,,,,,,,,,,,,,,,,,,,,,,,,,,,,,,,,,,,,,,,,,,,,,,,,,,,,,,,,,,,,,,,,,,,,,
variant,,SN-SRCH-TRP,SN-SRCH-MULTI,SN-SRCH-TRP,Sriracha Seasoning (3 Pack),Sriracha Seasoning (3 Pack),,,1,,,Bundle,Seasoning,,,,,,,,,,,,,,,,,,,,,,,,,,,,,,,,,,,,SN-SRCH,3,,,,,,,,,,,,,,,,,,,,,,,,,,,,,,,,,,,,,,,,,,,,,,,,,,,,,,,,,,,,,,,,,,,,,,,,,,,,,,,,,,,,,,,,,,,,,,,,,,,,,,,,,,,,,,,,,,,,,,,
product,,SN-TACO-MULTI,,,Taco Tuesday Seasoning Multi Packs,Taco Tuesday Seasoning Multi Packs,taco-tuesday-seasoning-multi-packs,,1,,,,,,,,,,,,,,,,,,,,,,,,,,,,,,,,,,,,,,,,,,,,,,,,,,,,,,,,,,,,,,,,,,,,,,,,,,,,,,,,,,,,,,,,,,,,,,,,,,,,,,,,,,,,,,,,,,,,,,,,,,,,,,,,,,,,,,,,,,,,,,,,,,,,,,,,,,,,,,,,
variant,,SN-TACO-DBL,SN-TACO-MULTI,SN-TACO-DBL,Taco Tuesday Seasoning (2 Pack),Taco Tuesday Seasoning (2 Pack),,,1,,,Bundle,Seasoning,,,,,,,,,,,,,,,,,,,,,,,,,,,,,,,,,,,,SN-TACO,2,,,,,,,,,,,,,,,,,,,,,,,,,,,,,,,,,,,,,,,,,,,,,,,,,,,,,,,,,,,,,,,,,,,,,,,,,,,,,,,,,,,,,,,,,,,,,,,,,,,,,,,,,,,,,,,,,,,,,,,
variant,,SN-TACO-TRP,SN-TACO-MULTI,SN-TACO-TRP,Taco Tuesday Seasoning (3 Pack),Taco Tuesday Seasoning (3 Pack),,,1,,,Bundle,Seasoning,,,,,,,,,,,,,,,,,,,,,,,,,,,,,,,,,,,,SN-TACO,3,,,,,,,,,,,,,,,,,,,,,,,,,,,,,,,,,,,,,,,,,,,,,,,,,,,,,,,,,,,,,,,,,,,,,,,,,,,,,,,,,,,,,,,,,,,,,,,,,,,,,,,,,,,,,,,,,,,,,,,
product,,TP-CHDN-MULTI,,,Chocolate Donut Topper Multi Packs,Chocolate Donut Topper Multi Packs,chocolate-donut-topper-multi-packs,,1,,,,,,,,,,,,,,,,,,,,,,,,,,,,,,,,,,,,,,,,,,,,,,,,,,,,,,,,,,,,,,,,,,,,,,,,,,,,,,,,,,,,,,,,,,,,,,,,,,,,,,,,,,,,,,,,,,,,,,,,,,,,,,,,,,,,,,,,,,,,,,,,,,,,,,,,,,,,,,,,
variant,,TP-CHDN-DBL,TP-CHDN-MULTI,TP-CHDN-DBL,Chocolate Donut Topper (2 Pack),Chocolate Donut Topper (2 Pack),,,1,,,Bundle,Seasoning,,,,,,,,,,,,,,,,,,,,,,,,,,,,,,,,,,,,TP-CHDN,2,,,,,,,,,,,,,,,,,,,,,,,,,,,,,,,,,,,,,,,,,,,,,,,,,,,,,,,,,,,,,,,,,,,,,,,,,,,,,,,,,,,,,,,,,,,,,,,,,,,,,,,,,,,,,,,,,,,,,,,
variant,,TP-CHDN-TRP,TP-CHDN-MULTI,TP-CHDN-TRP,Chocolate Donut Topper (3 Pack),Chocolate Donut Topper (3 Pack),,,1,,,Bundle,Seasoning,,,,,,,,,,,,,,,,,,,,,,,,,,,,,,,,,,,,TP-CHDN,3,,,,,,,,,,,,,,,,,,,,,,,,,,,,,,,,,,,,,,,,,,,,,,,,,,,,,,,,,,,,,,,,,,,,,,,,,,,,,,,,,,,,,,,,,,,,,,,,,,,,,,,,,,,,,,,,,,,,,,,
product,,TP-CHWF-MULTI,,,Chicken & Waffles Seasoning Topper Multi Packs,Chicken & Waffles Seasoning Topper Multi Packs,chicken-&-waffles-seasoning-topper-multi-packs,,1,,,,,,,,,,,,,,,,,,,,,,,,,,,,,,,,,,,,,,,,,,,,,,,,,,,,,,,,,,,,,,,,,,,,,,,,,,,,,,,,,,,,,,,,,,,,,,,,,,,,,,,,,,,,,,,,,,,,,,,,,,,,,,,,,,,,,,,,,,,,,,,,,,,,,,,,,,,,,,,,
variant,,TP-CHWF-DBL,TP-CHWF-MULTI,TP-CHWF-DBL,Chicken & Waffles Seasoning Topper (2 Pack),Chicken & Waffles Seasoning Topper (2 Pack),,,1,,,Bundle,Seasoning,,,,,,,,,,,,,,,,,,,,,,,,,,,,,,,,,,,,TP-CHWF,2,,,,,,,,,,,,,,,,,,,,,,,,,,,,,,,,,,,,,,,,,,,,,,,,,,,,,,,,,,,,,,,,,,,,,,,,,,,,,,,,,,,,,,,,,,,,,,,,,,,,,,,,,,,,,,,,,,,,,,,
variant,,TP-CHWF-TRP,TP-CHWF-MULTI,TP-CHWF-TRP,Chicken & Waffles Seasoning Topper (3 Pack),Chicken & Waffles Seasoning Topper (3 Pack),,,1,,,Bundle,Seasoning,,,,,,,,,,,,,,,,,,,,,,,,,,,,,,,,,,,,TP-CHWF,3,,,,,,,,,,,,,,,,,,,,,,,,,,,,,,,,,,,,,,,,,,,,,,,,,,,,,,,,,,,,,,,,,,,,,,,,,,,,,,,,,,,,,,,,,,,,,,,,,,,,,,,,,,,,,,,,,,,,,,,
product,,TP-FSTA-MULTI,,,Fiesta Sweet & Tangy Topper Multi Packs,Fiesta Sweet & Tangy Topper Multi Packs,fiesta-sweet-&-tangy-topper-multi-packs,,1,,,,,,,,,,,,,,,,,,,,,,,,,,,,,,,,,,,,,,,,,,,,,,,,,,,,,,,,,,,,,,,,,,,,,,,,,,,,,,,,,,,,,,,,,,,,,,,,,,,,,,,,,,,,,,,,,,,,,,,,,,,,,,,,,,,,,,,,,,,,,,,,,,,,,,,,,,,,,,,,
variant,,TP-FSTA-DBL,TP-FSTA-MULTI,TP-FSTA-DBL,Fiesta Sweet & Tangy Topper (2 Pack),Fiesta Sweet & Tangy Topper (2 Pack),,,1,,,Bundle,Seasoning,,,,,,,,,,,,,,,,,,,,,,,,,,,,,,,,,,,,TP-FSTA,2,,,,,,,,,,,,,,,,,,,,,,,,,,,,,,,,,,,,,,,,,,,,,,,,,,,,,,,,,,,,,,,,,,,,,,,,,,,,,,,,,,,,,,,,,,,,,,,,,,,,,,,,,,,,,,,,,,,,,,,
variant,,TP-FSTA-TRP,TP-FSTA-MULTI,TP-FSTA-TRP,Fiesta Sweet & Tangy Topper (3 Pack),Fiesta Sweet & Tangy Topper (3 Pack),,,1,,,Bundle,Seasoning,,,,,,,,,,,,,,,,,,,,,,,,,,,,,,,,,,,,TP-FSTA,3,,,,,,,,,,,,,,,,,,,,,,,,,,,,,,,,,,,,,,,,,,,,,,,,,,,,,,,,,,,,,,,,,,,,,,,,,,,,,,,,,,,,,,,,,,,,,,,,,,,,,,,,,,,,,,,,,,,,,,,
product,,TP-GBCK-MULTI,,,Gingerbread Cookie Topper Multi Packs,Gingerbread Cookie Topper Multi Packs,gingerbread-cookie-topper-multi-packs,,1,,,,,,,,,,,,,,,,,,,,,,,,,,,,,,,,,,,,,,,,,,,,,,,,,,,,,,,,,,,,,,,,,,,,,,,,,,,,,,,,,,,,,,,,,,,,,,,,,,,,,,,,,,,,,,,,,,,,,,,,,,,,,,,,,,,,,,,,,,,,,,,,,,,,,,,,,,,,,,,,
variant,,TP-GBCK-DBL,TP-GBCK-MULTI,TP-GBCK-DBL,Gingerbread Cookie Topper (2 Pack),Gingerbread Cookie Topper (2 Pack),,,1,,,Bundle,Seasoning,,,,,,,,,,,,,,,,,,,,,,,,,,,,,,,,,,,,TP-GBCK,2,,,,,,,,,,,,,,,,,,,,,,,,,,,,,,,,,,,,,,,,,,,,,,,,,,,,,,,,,,,,,,,,,,,,,,,,,,,,,,,,,,,,,,,,,,,,,,,,,,,,,,,,,,,,,,,,,,,,,,,
variant,,TP-GBCK-TRP,TP-GBCK-MULTI,TP-GBCK-TRP,Gingerbread Cookie Topper (3 Pack),Gingerbread Cookie Topper (3 Pack),,,1,,,Bundle,Seasoning,,,,,,,,,,,,,,,,,,,,,,,,,,,,,,,,,,,,TP-GBCK,3,,,,,,,,,,,,,,,,,,,,,,,,,,,,,,,,,,,,,,,,,,,,,,,,,,,,,,,,,,,,,,,,,,,,,,,,,,,,,,,,,,,,,,,,,,,,,,,,,,,,,,,,,,,,,,,,,,,,,,,
product,,TP-PMPI-MULTI,,,Pumpkin Pie Topper Multi Packs,Pumpkin Pie Topper Multi Packs,pumpkin-pie-topper-multi-packs,,1,,,,,,,,,,,,,,,,,,,,,,,,,,,,,,,,,,,,,,,,,,,,,,,,,,,,,,,,,,,,,,,,,,,,,,,,,,,,,,,,,,,,,,,,,,,,,,,,,,,,,,,,,,,,,,,,,,,,,,,,,,,,,,,,,,,,,,,,,,,,,,,,,,,,,,,,,,,,,,,,
variant,,TP-PMPI-DBL,TP-PMPI-MULTI,TP-PMPI-DBL,Pumpkin Pie Topper (2 Pack),Pumpkin Pie Topper (2 Pack),,,1,,,Bundle,Seasoning,,,,,,,,,,,,,,,,,,,,,,,,,,,,,,,,,,,,TP-PMPI,2,,,,,,,,,,,,,,,,,,,,,,,,,,,,,,,,,,,,,,,,,,,,,,,,,,,,,,,,,,,,,,,,,,,,,,,,,,,,,,,,,,,,,,,,,,,,,,,,,,,,,,,,,,,,,,,,,,,,,,,
variant,,TP-PMPI-TRP,TP-PMPI-MULTI,TP-PMPI-TRP,Pumpkin Pie Topper (3 Pack),Pumpkin Pie Topper (3 Pack),,,1,,,Bundle,Seasoning,,,,,,,,,,,,,,,,,,,,,,,,,,,,,,,,,,,,TP-PMPI,3,,,,,,,,,,,,,,,,,,,,,,,,,,,,,,,,,,,,,,,,,,,,,,,,,,,,,,,,,,,,,,,,,,,,,,,,,,,,,,,,,,,,,,,,,,,,,,,,,,,,,,,,,,,,,,,,,,,,,,,
product,,TP-RNCH-MULTI,,,Ranch Topper Multi Packs,Ranch Topper Multi Packs,ranch-topper-multi-packs,,1,,,,,,,,,,,,,,,,,,,,,,,,,,,,,,,,,,,,,,,,,,,,,,,,,,,,,,,,,,,,,,,,,,,,,,,,,,,,,,,,,,,,,,,,,,,,,,,,,,,,,,,,,,,,,,,,,,,,,,,,,,,,,,,,,,,,,,,,,,,,,,,,,,,,,,,,,,,,,,,,
variant,,TP-RNCH-DBL,TP-RNCH-MULTI,TP-RNCH-DBL,Ranch Topper (2 Pack),Ranch Topper (2 Pack),,,1,,,Bundle,Seasoning,,,,,,,,,,,,,,,,,,,,,,,,,,,,,,,,,,,,TP-RNCH,2,,,,,,,,,,,,,,,,,,,,,,,,,,,,,,,,,,,,,,,,,,,,,,,,,,,,,,,,,,,,,,,,,,,,,,,,,,,,,,,,,,,,,,,,,,,,,,,,,,,,,,,,,,,,,,,,,,,,,,,
variant,,TP-RNCH-TRP,TP-RNCH-MULTI,TP-RNCH-TRP,Ranch Topper (3 Pack),Ranch Topper (3 Pack),,,1,,,Bundle,Seasoning,,,,,,,,,,,,,,,,,,,,,,,,,,,,,,,,,,,,TP-RNCH,3,,,,,,,,,,,,,,,,,,,,,,,,,,,,,,,,,,,,,,,,,,,,,,,,,,,,,,,,,,,,,,,,,,,,,,,,,,,,,,,,,,,,,,,,,,,,,,,,,,,,,,,,,,,,,,,,,,,,,,,
product,,TP-BCRL-MULTI,,,Buttery Cinnamon Roll Topper Multi Packs,Buttery Cinnamon Roll Topper Multi Packs,buttery-cinnamon-roll-topper-multi-packs,,1,,,,,,,,,,,,,,,,,,,,,,,,,,,,,,,,,,,,,,,,,,,,,,,,,,,,,,,,,,,,,,,,,,,,,,,,,,,,,,,,,,,,,,,,,,,,,,,,,,,,,,,,,,,,,,,,,,,,,,,,,,,,,,,,,,,,,,,,,,,,,,,,,,,,,,,,,,,,,,,,
variant,,TP-BCRL-DBL,TP-BCRL-MULTI,TP-BCRL-DBL,Buttery Cinnamon Roll Topper (2 Pack),Buttery Cinnamon Roll Topper (2 Pack),,,1,,,Bundle,Seasoning,,,,,,,,,,,,,,,,,,,,,,,,,,,,,,,,,,,,TP-BCRL,2,,,,,,,,,,,,,,,,,,,,,,,,,,,,,,,,,,,,,,,,,,,,,,,,,,,,,,,,,,,,,,,,,,,,,,,,,,,,,,,,,,,,,,,,,,,,,,,,,,,,,,,,,,,,,,,,,,,,,,,
variant,,TP-BCRL-TRP,TP-BCRL-MULTI,TP-BCRL-TRP,Buttery Cinnamon Roll Topper (3 Pack),Buttery Cinnamon Roll Topper (3 Pack),,,1,,,Bundle,Seasoning,,,,,,,,,,,,,,,,,,,,,,,,,,,,,,,,,,,,TP-BCRL,3,,,,,,,,,,,,,,,,,,,,,,,,,,,,,,,,,,,,,,,,,,,,,,,,,,,,,,,,,,,,,,,,,,,,,,,,,,,,,,,,,,,,,,,,,,,,,,,,,,,,,,,,,,,,,,,,,,,,,,,
product,,SN-CHSE-MULTI,,,Cheese Seasoning Multi Packs,Cheese Seasoning Multi Packs,cheese-seasoning-multi-packs,,1,,,,,,,,,,,,,,,,,,,,,,,,,,,,,,,,,,,,,,,,,,,,,,,,,,,,,,,,,,,,,,,,,,,,,,,,,,,,,,,,,,,,,,,,,,,,,,,,,,,,,,,,,,,,,,,,,,,,,,,,,,,,,,,,,,,,,,,,,,,,,,,,,,,,,,,,,,,,,,,,
variant,,SN-CHSE-DBL,SN-CHSE-MULTI,SN-CHSE-DBL,Cheese Seasoning (2 Pack),Cheese Seasoning (2 Pack),,,1,,,Bundle,Seasoning,,,,,,,,,,,,,,,,,,,,,,,,,,,,,,,,,,,,SN-CHSE,2,,,,,,,,,,,,,,,,,,,,,,,,,,,,,,,,,,,,,,,,,,,,,,,,,,,,,,,,,,,,,,,,,,,,,,,,,,,,,,,,,,,,,,,,,,,,,,,,,,,,,,,,,,,,,,,,,,,,,,,
variant,,SN-CHSE-TRP,SN-CHSE-MULTI,SN-CHSE-TRP,Cheese Seasoning (3 Pack),Cheese Seasoning (3 Pack),,,1,,,Bundle,Seasoning,,,,,,,,,,,,,,,,,,,,,,,,,,,,,,,,,,,,SN-CHSE,3,,,,,,,,,,,,,,,,,,,,,,,,,,,,,,,,,,,,,,,,,,,,,,,,,,,,,,,,,,,,,,,,,,,,,,,,,,,,,,,,,,,,,,,,,,,,,,,,,,,,,,,,,,,,,,,,,,,,,,,
,,,,,,,,,,,,,,,,,,,,,,,,,,,,,,,,,,,,,,,,,,,,,,,,,,,,,,,,,,,,,,,,,,,,,,,,,,,,,,,,,,,,,,,,,,,,,,,,,,,,,,,,,,,,,,,,,,,,,,,,,,,,,,,,,,,,,,,,,,,,,,,,,,,,,,,,,,,,,,,,,,,,,,,,,
,,,,,,,,,,,,,,,,,,,,,,,,,,,,,,,,,,,,,,,,,,,,,,,,,,,,,,,,,,,,,,,,,,,,,,,,,,,,,,,,,,,,,,,,,,,,,,,,,,,,,,,,,,,,,,,,,,,,,,,,,,,,,,,,,,,,,,,,,,,,,,,,,,,,,,,,,,,,,,,,,,,,,,,,,
,,,,,,,,,,,,,,,,,,,,,,,,,,,,,,,,,,,,,,,,,,,,,,,,,,,,,,,,,,,,,,,,,,,,,,,,,,,,,,,,,,,,,,,,,,,,,,,,,,,,,,,,,,,,,,,,,,,,,,,,,,,,,,,,,,,,,,,,,,,,,,,,,,,,,,,,,,,,,,,,,,,,,,,,,